{
    "email": "tomas.reverter@gmail.com",
    "licenseCode": "ACPEXTPRO*C-26051062-15ef-45b2-b2be-30d5dbe7272f",
    "telegramPhone": "620032293",
    "dataset": "https://docs.google.com/spreadsheets/d/e/2PACX-1vRUsqEJWz_2EyalD0yYl7DAjWrBZpOkPbd46ag-unwnfVGqqjeusoBC4yk81V5Z4f1vqwAEJ2S2PGjr/pub?gid=777061705&single=true&output=csv",
    "nocodeapi_id": "bnvTpdKJIjPkMqie",
    "executors": 1,
    "robots": 1,
    "multiMode": 1,
    "multiModeNode": 0,
    "workerCreationDelay": "2000",
    
    "telegramDebugMode": true,
    "telegramCustomerDebugMode": true,
    "acpLogMode": true
    
}
